City,YEAR,MONTH,Air Pollutant #2,Prescription_Qty,Population,Population_Thousands,Presc_per_thous,Presc_per_Poll
BIRMINGHAM,2024,1,8.0,27,1121375,1121.375,0.024077583324044142,0.0030096979155055177
BIRMINGHAM,2024,2,8.5,25,1121375,1121.375,0.022294058633374206,0.002622830427455789
BIRMINGHAM,2024,3,10.0,20,1121375,1121.375,0.017835246906699364,0.0017835246906699365
BIRMINGHAM,2024,4,9.5,19,1121375,1121.375,0.016943484561364398,0.0017835246906699367
BIRMINGHAM,2024,5,13.5,20,1121375,1121.375,0.017835246906699364,0.001321129400496249
BIRMINGHAM,2024,6,9.0,21,1121375,1121.375,0.018727009252034334,0.0020807788057815926
BIRMINGHAM,2024,7,8.5,26,1121375,1121.375,0.023185820978709176,0.0027277436445540208
BIRMINGHAM,2024,8,6.0,17,1121375,1121.375,0.01515995987069446,0.0025266599784490766
BIRMINGHAM,2024,9,6.0,22,1121375,1121.375,0.0196187715973693,0.003269795266228217
BIRMINGHAM,2024,10,6.666666666666667,38,1121375,1121.375,0.033886969122728795,0.005083045368409319
BIRMINGHAM,2024,11,10.0,49,1121375,1121.375,0.043696354921413445,0.004369635492141344
BIRMINGHAM,2024,12,6.333333333333333,57,1121375,1121.375,0.05083045368409319,0.008025861108014714
BIRMINGHAM,2025,1,8.0,31,1121375,1121.375,0.027644632705384014,0.0034555790881730017
BIRMINGHAM,2025,2,15.5,31,1121375,1121.375,0.027644632705384014,0.0017835246906699365
BIRMINGHAM,2025,3,6.5,55,1121375,1121.375,0.04904692899342325,0.007545681383603577
BIRMINGHAM,2025,4,15.0,75,1121375,1121.375,0.06688217590012262,0.004458811726674841
BIRMINGHAM,2025,5,6.0,65,1121375,1121.375,0.057964552446772934,0.009660758741128822
BLACKPOOL,2024,1,7.0,2,149070,149.07,0.013416515730864696,0.0019166451044092421
BLACKPOOL,2024,2,7.0,1,149070,149.07,0.006708257865432348,0.0009583225522046211
BLACKPOOL,2024,3,8.0,1,149070,149.07,0.006708257865432348,0.0008385322331790435
BLACKPOOL,2024,4,7.0,3,149070,149.07,0.02012477359629704,0.002874967656613863
BLACKPOOL,2024,5,8.0,2,149070,149.07,0.013416515730864696,0.001677064466358087
BLACKPOOL,2024,6,7.0,1,149070,149.07,0.006708257865432348,0.0009583225522046211
BLACKPOOL,2024,8,4.0,1,149070,149.07,0.006708257865432348,0.001677064466358087
BLACKPOOL,2024,10,7.0,1,149070,149.07,0.006708257865432348,0.0009583225522046211
BLACKPOOL,2024,12,7.0,2,149070,149.07,0.013416515730864696,0.0019166451044092421
BLACKPOOL,2025,2,17.0,7,149070,149.07,0.046957805058026436,0.0027622238269427316
BLACKPOOL,2025,3,7.0,3,149070,149.07,0.02012477359629704,0.002874967656613863
BLACKPOOL,2025,5,7.0,3,149070,149.07,0.02012477359629704,0.002874967656613863
BLACKPOOL,2025,7,6.0,3,149070,149.07,0.02012477359629704,0.0033541289327161735
BRISTOL,2024,1,9.0,9,425215,425.215,0.021165763202144798,0.0023517514669049774
BRISTOL,2024,2,8.0,8,425215,425.215,0.018814011735239822,0.002351751466904978
BRISTOL,2024,3,9.0,10,425215,425.215,0.023517514669049777,0.002613057185449975
BRISTOL,2024,4,9.0,10,425215,425.215,0.023517514669049777,0.002613057185449975
BRISTOL,2024,5,11.0,11,425215,425.215,0.025869266135954753,0.0023517514669049774
BRISTOL,2024,6,8.0,14,425215,425.215,0.03292452053666969,0.004115565067083711
BRISTOL,2024,7,10.0,11,425215,425.215,0.025869266135954753,0.0025869266135954755
BRISTOL,2024,9,8.0,9,425215,425.215,0.021165763202144798,0.0026457204002680998
BRISTOL,2024,10,8.0,11,425215,425.215,0.025869266135954753,0.003233658266994344
BRISTOL,2024,11,10.0,15,425215,425.215,0.035276272003574666,0.0035276272003574665
BRISTOL,2024,12,7.0,7,425215,425.215,0.016462260268334843,0.002351751466904978
BRISTOL,2025,1,9.0,15,425215,425.215,0.035276272003574666,0.003919585778174963
BRISTOL,2025,2,13.0,11,425215,425.215,0.025869266135954753,0.0019899435489195965
BRISTOL,2025,3,7.0,15,425215,425.215,0.035276272003574666,0.005039467429082095
BRISTOL,2025,4,14.0,12,425215,425.215,0.028221017602859732,0.002015786971632838
BRISTOL,2025,5,6.0,15,425215,425.215,0.035276272003574666,0.005879378667262444
BRISTOL,2025,6,6.0,23,425215,425.215,0.054090283738814485,0.009015047289802415
CARLISLE,2024,1,7.0,7,77730,77.73,0.09005531969638492,0.012865045670912132
CARLISLE,2024,2,8.0,9,77730,77.73,0.11578541103820918,0.014473176379776147
CARLISLE,2024,3,8.0,5,77730,77.73,0.06432522835456066,0.008040653544320082
CARLISLE,2024,4,6.0,7,77730,77.73,0.09005531969638492,0.015009219949397487
CARLISLE,2024,5,7.0,13,77730,77.73,0.1672455937218577,0.0238922276745511
CARLISLE,2024,6,8.0,10,77730,77.73,0.1286504567091213,0.016081307088640164
CARLISLE,2024,7,6.0,5,77730,77.73,0.06432522835456066,0.010720871392426777
CARLISLE,2024,8,4.0,3,77730,77.73,0.03859513701273639,0.009648784253184097
CARLISLE,2024,9,4.0,6,77730,77.73,0.07719027402547278,0.019297568506368195
CARLISLE,2024,10,6.0,6,77730,77.73,0.07719027402547278,0.01286504567091213
CARLISLE,2024,11,8.0,9,77730,77.73,0.11578541103820918,0.014473176379776147
CHESTERFIELD,2024,1,6.5,4,76420,76.42,0.05234231876472128,0.008052664425341735
CHESTERFIELD,2024,2,7.0,3,76420,76.42,0.03925673907354096,0.005608105581934422
CHESTERFIELD,2024,3,9.5,1,76420,76.42,0.01308557969118032,0.0013774294411768757
CHESTERFIELD,2024,4,8.0,1,76420,76.42,0.01308557969118032,0.00163569746139754
CHESTERFIELD,2024,9,4.0,1,76420,76.42,0.01308557969118032,0.00327139492279508
CHESTERFIELD,2024,10,6.0,1,76420,76.42,0.01308557969118032,0.0021809299485300534
CHESTERFIELD,2024,11,10.5,1,76420,76.42,0.01308557969118032,0.001246245684874316
CHESTERFIELD,2024,12,7.5,2,76420,76.42,0.02617115938236064,0.003489487917648085
CHESTERFIELD,2025,2,12.5,1,76420,76.42,0.01308557969118032,0.0010468463752944255
CHESTERFIELD,2025,4,13.0,1,76420,76.42,0.01308557969118032,0.0010065830531677169
CHESTERFIELD,2025,5,5.0,1,76420,76.42,0.01308557969118032,0.002617115938236064
CHESTERFIELD,2025,6,4.5,4,76420,76.42,0.05234231876472128,0.011631626392160284
COVENTRY,2024,2,9.0,3,344285,344.285,0.00871371102429673,0.0009681901138107478
COVENTRY,2024,6,8.0,7,344285,344.285,0.020331992390025703,0.002541499048753213
COVENTRY,2024,7,9.0,22,344285,344.285,0.06390054751150935,0.00710006083461215
COVENTRY,2024,8,6.0,8,344285,344.285,0.02323656273145795,0.0038727604552429916
COVENTRY,2024,9,5.0,2,344285,344.285,0.005809140682864487,0.0011618281365728975
COVENTRY,2024,10,5.0,14,344285,344.285,0.040663984780051406,0.00813279695601028
COVENTRY,2024,11,10.0,7,344285,344.285,0.020331992390025703,0.00203319923900257
COVENTRY,2024,12,7.0,32,344285,344.285,0.0929462509258318,0.013278035846547399
COVENTRY,2025,1,10.0,26,344285,344.285,0.07551882887723833,0.007551882887723833
COVENTRY,2025,2,13.0,12,344285,344.285,0.03485484409718692,0.002681141853629763
COVENTRY,2025,3,6.0,7,344285,344.285,0.020331992390025703,0.003388665398337617
COVENTRY,2025,4,15.0,15,344285,344.285,0.04356855512148365,0.0029045703414322436
COVENTRY,2025,5,6.0,20,344285,344.285,0.058091406828644866,0.009681901138107478
HULL,2024,1,8.0,15,270810,270.81,0.05538938739337543,0.0069236734241719285
HULL,2024,2,7.0,8,270810,270.81,0.02954100660980023,0.004220143801400033
HULL,2024,3,11.0,14,270810,270.81,0.0516967615671504,0.004699705597013672
HULL,2024,4,10.0,10,270810,270.81,0.03692625826225029,0.0036926258262250287
HULL,2024,5,11.0,8,270810,270.81,0.02954100660980023,0.0026855460554363847
HULL,2024,6,6.0,9,270810,270.81,0.03323363243602526,0.005538938739337543
HULL,2024,7,8.0,6,270810,270.81,0.02215575495735017,0.0027694693696687714
HULL,2024,8,6.0,12,270810,270.81,0.04431150991470034,0.007385251652450057
HULL,2024,9,6.0,14,270810,270.81,0.0516967615671504,0.0086161269278584
HULL,2024,10,7.0,16,270810,270.81,0.05908201321960046,0.008440287602800066
HULL,2024,11,10.0,8,270810,270.81,0.02954100660980023,0.0029541006609800228
HULL,2024,12,8.0,9,270810,270.81,0.03323363243602526,0.004154204054503157
HULL,2025,1,8.0,12,270810,270.81,0.04431150991470034,0.005538938739337543
HULL,2025,2,17.0,9,270810,270.81,0.03323363243602526,0.001954919555060309
HULL,2025,3,8.0,12,270810,270.81,0.04431150991470034,0.005538938739337543
HULL,2025,4,14.0,7,270810,270.81,0.0258483807835752,0.0018463129131125141
HULL,2025,5,7.0,8,270810,270.81,0.02954100660980023,0.004220143801400033
HULL,2025,6,7.0,9,270810,270.81,0.03323363243602526,0.004747661776575036
HULL,2025,7,6.0,5,270810,270.81,0.018463129131125144,0.003077188188520857
HULL,2025,8,8.0,9,270810,270.81,0.03323363243602526,0.004154204054503157
HULL,2025,9,5.0,11,270810,270.81,0.04061888408847531,0.008123776817695062
LEEDS,2024,1,8.0,3,536280,536.28,0.005594092638174088,0.000699261579771761
LEEDS,2024,2,10.0,7,536280,536.28,0.013052882822406206,0.0013052882822406206
LEEDS,2024,3,11.0,10,536280,536.28,0.018646975460580296,0.0016951795873254814
LEEDS,2024,4,9.0,14,536280,536.28,0.02610576564481241,0.002900640627201379
LEEDS,2024,5,11.0,7,536280,536.28,0.013052882822406206,0.001186625711127837
LEEDS,2024,6,7.5,7,536280,536.28,0.013052882822406206,0.0017403843763208273
LEEDS,2024,7,7.5,15,536280,536.28,0.027970463190870442,0.003729395092116059
LEEDS,2024,8,5.0,8,536280,536.28,0.014917580368464236,0.0029835160736928473
LEEDS,2024,9,6.0,5,536280,536.28,0.009323487730290148,0.0015539146217150247
LEEDS,2024,10,7.0,4,536280,536.28,0.007458790184232118,0.0010655414548903027
LEEDS,2024,11,12.5,7,536280,536.28,0.013052882822406206,0.0010442306257924965
LEEDS,2024,12,9.5,10,536280,536.28,0.018646975460580296,0.001962839522166347
LEEDS,2025,1,8.0,6,536280,536.28,0.011188185276348177,0.001398523159543522
LEEDS,2025,2,16.5,2,536280,536.28,0.003729395092116059,0.00022602394497673085
LEEDS,2025,3,7.0,4,536280,536.28,0.007458790184232118,0.0010655414548903027
LEEDS,2025,4,14.5,2,536280,536.28,0.003729395092116059,0.00025719966152524545
LEEDS,2025,5,8.0,5,536280,536.28,0.009323487730290148,0.0011654359662862685
LEEDS,2025,6,7.0,4,536280,536.28,0.007458790184232118,0.0010655414548903027
LEEDS,2025,7,7.0,5,536280,536.28,0.009323487730290148,0.0013319268186128782
LEEDS,2025,8,8.0,3,536280,536.28,0.005594092638174088,0.000699261579771761
LEEDS,2025,9,7.0,4,536280,536.28,0.007458790184232118,0.0010655414548903027
LEEDS,2025,10,7.0,4,536280,536.28,0.007458790184232118,0.0010655414548903027
LEEDS,2025,11,10.5,2,536280,536.28,0.003729395092116059,0.0003551804849634342
LEEDS,2025,12,8.0,3,536280,536.28,0.005594092638174088,0.000699261579771761
LEICESTER,2024,1,7.0,12,406580,406.58,0.029514486693885584,0.004216355241983655
LEICESTER,2024,2,7.0,15,406580,406.58,0.03689310836735698,0.005270444052479568
LEICESTER,2024,3,11.0,16,406580,406.58,0.039352648925180776,0.0035775135386527978
LEICESTER,2024,4,8.0,20,406580,406.58,0.04919081115647597,0.0061488513945594965
LEICESTER,2024,5,11.0,17,406580,406.58,0.04181218948300457,0.0038011081348185978
LEICESTER,2024,6,7.0,18,406580,406.58,0.04427173004082838,0.006324532862975483
LEICESTER,2024,7,7.0,11,406580,406.58,0.027054946136061783,0.0038649923051516833
LEICESTER,2024,8,6.0,9,406580,406.58,0.02213586502041419,0.003689310836735698
LEICESTER,2024,9,6.0,15,406580,406.58,0.03689310836735698,0.0061488513945594965
LEICESTER,2024,10,7.0,18,406580,406.58,0.04427173004082838,0.006324532862975483
LEICESTER,2024,11,10.0,11,406580,406.58,0.027054946136061783,0.002705494613606178
LEICESTER,2024,12,7.0,15,406580,406.58,0.03689310836735698,0.005270444052479568
LEICESTER,2025,1,10.0,9,406580,406.58,0.02213586502041419,0.002213586502041419
LEICESTER,2025,2,11.0,12,406580,406.58,0.029514486693885584,0.0026831351539895985
LEICESTER,2025,3,8.0,8,406580,406.58,0.019676324462590388,0.0024595405578237985
LEICESTER,2025,4,13.0,11,406580,406.58,0.027054946136061783,0.002081149702773983
LEICESTER,2025,5,7.0,6,406580,406.58,0.014757243346942792,0.0021081776209918275
LEICESTER,2025,6,6.0,5,406580,406.58,0.012297702789118993,0.002049617131519832
LEICESTER,2025,7,6.0,10,406580,406.58,0.024595405578237986,0.004099234263039664
LEICESTER,2025,8,6.0,7,406580,406.58,0.01721678390476659,0.002869463984127765
LEICESTER,2025,9,5.0,3,406580,406.58,0.007378621673471396,0.0014757243346942791
LEICESTER,2025,10,6.0,16,406580,406.58,0.039352648925180776,0.006558774820863463
LEICESTER,2025,11,10.0,4,406580,406.58,0.009838162231295194,0.0009838162231295194
LEICESTER,2025,12,7.0,6,406580,406.58,0.014757243346942792,0.0021081776209918275
LIVERPOOL,2024,1,7.0,9,506565,506.565,0.01776672292795594,0.0025381032754222773
LIVERPOOL,2024,2,7.0,10,506565,506.565,0.019740803253284377,0.0028201147504691966
LIVERPOOL,2024,3,8.0,24,506565,506.565,0.047377927807882504,0.005922240975985313
LIVERPOOL,2024,4,7.0,16,506565,506.565,0.031585285205255005,0.004512183600750715
LIVERPOOL,2024,5,9.0,8,506565,506.565,0.015792642602627503,0.0017547380669586114
LIVERPOOL,2024,6,8.0,3,506565,506.565,0.005922240975985313,0.0007402801219981641
LIVERPOOL,2024,7,7.0,5,506565,506.565,0.009870401626642189,0.0014100573752345983
LIVERPOOL,2024,9,5.0,4,506565,506.565,0.007896321301313751,0.0015792642602627503
LONDON,2024,1,8.8,104,9089736,9089.736,0.011441476408115702,0.0013001677736495115
LONDON,2024,2,9.25,86,9089736,9089.736,0.00946122087594183,0.0010228346892910086
LONDON,2024,3,10.2,66,9089736,9089.736,0.007260936951304196,0.0007118565638533525
LONDON,2024,4,10.8,74,9089736,9089.736,0.00814105052115925,0.000753800974181412
LONDON,2024,5,12.0,63,9089736,9089.736,0.006930894362608551,0.0005775745302173792
LONDON,2024,6,7.2,90,9089736,9089.736,0.009901277660869357,0.0013751774528985219
LONDON,2024,7,9.2,67,9089736,9089.736,0.007370951147536078,0.0008011903421234868
LONDON,2024,8,5.8,52,9089736,9089.736,0.005720738204057851,0.0009863341731134226
LONDON,2024,9,7.0,64,9089736,9089.736,0.0070409085588404325,0.0010058440798343476
LONDON,2024,10,7.8,84,9089736,9089.736,0.009241192483478067,0.0011847682671125728
LONDON,2024,11,11.2,83,9089736,9089.736,0.009131178287246185,0.0008152837756469809
LONDON,2024,12,8.4,85,9089736,9089.736,0.009351206679709949,0.0011132388904416606
LONDON,2025,1,9.8,61,9089736,9089.736,0.006710865970144787,0.0006847822418515089
LONDON,2025,2,14.2,71,9089736,9089.736,0.007811007932463605,0.0005500709811594088
LONDON,2025,3,8.6,54,9089736,9089.736,0.005940766596521614,0.0006907868135490249
LONDON,2025,4,16.6,67,9089736,9089.736,0.007370951147536078,0.00044403320165879983
LONDON,2025,5,8.0,59,9089736,9089.736,0.006490837577681023,0.0008113546972101279
LONDON,2025,6,7.0,51,9089736,9089.736,0.005610724007825969,0.0008015320011179955
LONDON,2025,7,7.0,50,9089736,9089.736,0.005500709811594087,0.0007858156873705839
LONDON,2025,8,7.8,56,9089736,9089.736,0.006160794988985378,0.0007898455114083817
LONDON,2025,9,6.2,44,9089736,9089.736,0.004840624634202797,0.0007807459087423866
LONDON,2025,10,7.4,53,9089736,9089.736,0.005830752400289733,0.0007879395135526665
LONDON,2025,11,8.8,70,9089736,9089.736,0.007700993736231723,0.0008751129245717866
LONDON,2025,12,8.4,71,9089736,9089.736,0.007811007932463605,0.0009298818967218576
MANCHESTER,2024,1,9.0,40,470405,470.405,0.08503310976711558,0.009448123307457286
MANCHESTER,2024,2,9.0,32,470405,470.405,0.06802648781369246,0.007558498645965829
MANCHESTER,2024,3,10.0,29,470405,470.405,0.061649004581158795,0.0061649004581158795
MANCHESTER,2024,4,8.0,13,470405,470.405,0.027635760674312563,0.0034544700842890704
MANCHESTER,2024,5,11.0,18,470405,470.405,0.03826489939520201,0.0034786272177456373
MANCHESTER,2024,6,11.0,22,470405,470.405,0.04676821037191357,0.004251655488355779
MANCHESTER,2024,7,11.0,31,470405,470.405,0.06590066006951457,0.005990969097228598
MANCHESTER,2024,8,8.0,17,470405,470.405,0.03613907165102412,0.004517383956378015
MANCHESTER,2024,9,7.0,17,470405,470.405,0.03613907165102412,0.005162724521574874
MANCHESTER,2024,10,7.0,33,470405,470.405,0.07015231555787035,0.010021759365410051
MANCHESTER,2024,11,9.0,35,470405,470.405,0.07440397104622613,0.008267107894025126
MANCHESTER,2024,12,8.0,33,470405,470.405,0.07015231555787035,0.008769039444733794
MANCHESTER,2025,1,12.0,14,470405,470.405,0.029761588418490453,0.0024801323682075377
MANCHESTER,2025,2,15.0,16,470405,470.405,0.03401324390684623,0.0022675495937897485
MANCHESTER,2025,3,8.0,12,470405,470.405,0.025509932930134673,0.003188741616266834
MANCHESTER,2025,4,15.0,15,470405,470.405,0.03188741616266834,0.0021258277441778893
MANCHESTER,2025,5,8.0,14,470405,470.405,0.029761588418490453,0.0037201985523113066
MANCHESTER,2025,6,7.0,12,470405,470.405,0.025509932930134673,0.003644276132876382
MANCHESTER,2025,7,8.0,11,470405,470.405,0.023384105185956783,0.002923013148244598
MANCHESTER,2025,8,6.0,10,470405,470.405,0.021258277441778894,0.003543046240296482
MANCHESTER,2025,9,5.0,24,470405,470.405,0.051019865860269346,0.01020397317205387
MANCHESTER,2025,10,5.0,15,470405,470.405,0.03188741616266834,0.006377483232533667
MANCHESTER,2025,11,10.0,19,470405,470.405,0.0403907271393799,0.00403907271393799
MANCHESTER,2025,12,6.0,19,470405,470.405,0.0403907271393799,0.006731787856563316
MIDDLESBROUGH,2024,1,6.0,6,148215,148.215,0.040481732618156054,0.0067469554363593425
MIDDLESBROUGH,2024,2,7.0,4,148215,148.215,0.02698782174543737,0.003855403106491053
MIDDLESBROUGH,2024,3,10.0,1,148215,148.215,0.0067469554363593425,0.0006746955436359342
MIDDLESBROUGH,2024,4,8.0,6,148215,148.215,0.040481732618156054,0.005060216577269507
MIDDLESBROUGH,2024,5,9.0,3,148215,148.215,0.020240866309078027,0.002248985145453114
MIDDLESBROUGH,2024,6,6.0,9,148215,148.215,0.060722598927234084,0.010120433154539013
MIDDLESBROUGH,2024,7,5.0,8,148215,148.215,0.05397564349087474,0.010795128698174948
MIDDLESBROUGH,2024,8,4.0,7,148215,148.215,0.0472286880545154,0.01180717201362885
MIDDLESBROUGH,2024,9,4.0,5,148215,148.215,0.03373477718179671,0.008433694295449178
MIDDLESBROUGH,2024,10,5.0,11,148215,148.215,0.07421650979995277,0.014843301959990554
MIDDLESBROUGH,2024,11,10.0,7,148215,148.215,0.0472286880545154,0.0047228688054515395
MIDDLESBROUGH,2024,12,8.0,11,148215,148.215,0.07421650979995277,0.009277063724994096
MIDDLESBROUGH,2025,1,7.0,9,148215,148.215,0.060722598927234084,0.00867465698960487
MIDDLESBROUGH,2025,2,13.0,9,148215,148.215,0.060722598927234084,0.004670969148248776
MIDDLESBROUGH,2025,3,5.0,7,148215,148.215,0.0472286880545154,0.009445737610903079
MIDDLESBROUGH,2025,4,13.0,11,148215,148.215,0.07421650979995277,0.005708962292304059
MIDDLESBROUGH,2025,5,7.0,9,148215,148.215,0.060722598927234084,0.00867465698960487
MIDDLESBROUGH,2025,6,6.0,9,148215,148.215,0.060722598927234084,0.010120433154539013
MIDDLESBROUGH,2025,7,6.0,7,148215,148.215,0.0472286880545154,0.0078714480090859
MIDDLESBROUGH,2025,8,8.0,7,148215,148.215,0.0472286880545154,0.005903586006814425
MIDDLESBROUGH,2025,9,6.0,9,148215,148.215,0.060722598927234084,0.010120433154539013
MIDDLESBROUGH,2025,10,6.0,10,148215,148.215,0.06746955436359342,0.01124492572726557
MIDDLESBROUGH,2025,11,8.0,10,148215,148.215,0.06746955436359342,0.008433694295449178
MIDDLESBROUGH,2025,12,6.0,16,148215,148.215,0.10795128698174948,0.017991881163624913
NEWCASTLE UPON TYNE,2024,1,6.0,6,286445,286.445,0.020946429506537034,0.003491071584422839
NEWCASTLE UPON TYNE,2024,2,6.0,6,286445,286.445,0.020946429506537034,0.003491071584422839
NEWCASTLE UPON TYNE,2024,3,8.0,3,286445,286.445,0.010473214753268517,0.0013091518441585646
NEWCASTLE UPON TYNE,2024,4,8.0,3,286445,286.445,0.010473214753268517,0.0013091518441585646
NEWCASTLE UPON TYNE,2024,5,9.0,5,286445,286.445,0.017455357922114192,0.0019394842135682436
NEWCASTLE UPON TYNE,2024,6,6.0,6,286445,286.445,0.020946429506537034,0.003491071584422839
NEWCASTLE UPON TYNE,2024,7,5.0,2,286445,286.445,0.006982143168845678,0.0013964286337691356
NEWCASTLE UPON TYNE,2024,8,4.0,2,286445,286.445,0.006982143168845678,0.0017455357922114194
NEWCASTLE UPON TYNE,2024,10,6.0,8,286445,286.445,0.02792857267538271,0.004654762112563785
NEWCASTLE UPON TYNE,2024,11,11.0,6,286445,286.445,0.020946429506537034,0.0019042208642306394
NEWCASTLE UPON TYNE,2024,12,9.0,4,286445,286.445,0.013964286337691355,0.001551587370854595
NEWCASTLE UPON TYNE,2025,1,7.0,10,286445,286.445,0.034910715844228384,0.004987245120604055
NEWCASTLE UPON TYNE,2025,2,14.0,2,286445,286.445,0.006982143168845678,0.0004987245120604056
NEWCASTLE UPON TYNE,2025,3,7.0,2,286445,286.445,0.006982143168845678,0.0009974490241208111
NEWCASTLE UPON TYNE,2025,4,13.0,3,286445,286.445,0.010473214753268517,0.0008056319040975782
NEWCASTLE UPON TYNE,2025,6,6.0,2,286445,286.445,0.006982143168845678,0.0011636905281409463
NEWCASTLE UPON TYNE,2025,7,7.0,1,286445,286.445,0.003491071584422839,0.0004987245120604056
NEWCASTLE UPON TYNE,2025,8,8.0,1,286445,286.445,0.003491071584422839,0.00043638394805285485
NEWCASTLE UPON TYNE,2025,9,6.0,1,286445,286.445,0.003491071584422839,0.0005818452640704732
NEWCASTLE UPON TYNE,2025,10,5.0,2,286445,286.445,0.006982143168845678,0.0013964286337691356
NEWCASTLE UPON TYNE,2025,11,6.0,3,286445,286.445,0.010473214753268517,0.0017455357922114194
NEWCASTLE UPON TYNE,2025,12,6.0,2,286445,286.445,0.006982143168845678,0.0011636905281409463
NORWICH,2024,3,12.0,3,200770,200.77,0.014942471484783582,0.0012452059570652984
NORWICH,2024,5,10.0,1,200770,200.77,0.0049808238282611945,0.0004980823828261195
NORWICH,2024,6,5.0,1,200770,200.77,0.0049808238282611945,0.000996164765652239
NORWICH,2024,7,5.0,1,200770,200.77,0.0049808238282611945,0.000996164765652239
NORWICH,2024,8,4.0,1,200770,200.77,0.0049808238282611945,0.0012452059570652986
NORWICH,2024,12,7.0,1,200770,200.77,0.0049808238282611945,0.0007115462611801707
NORWICH,2025,1,9.0,1,200770,200.77,0.0049808238282611945,0.0005534248698067993
NORWICH,2025,2,13.0,1,200770,200.77,0.0049808238282611945,0.00038314029448163035
NORWICH,2025,3,8.0,1,200770,200.77,0.0049808238282611945,0.0006226029785326493
NORWICH,2025,4,14.0,3,200770,200.77,0.014942471484783582,0.001067319391770256
NOTTINGHAM,2024,1,8.0,1,299790,299.79,0.003335668301144134,0.00041695853764301674
NOTTINGHAM,2024,3,11.0,3,299790,299.79,0.010007004903432402,0.0009097277184938547
NOTTINGHAM,2024,6,9.0,1,299790,299.79,0.003335668301144134,0.0003706298112382371
NOTTINGHAM,2024,7,7.0,1,299790,299.79,0.003335668301144134,0.00047652404302059054
NOTTINGHAM,2024,9,5.0,2,299790,299.79,0.006671336602288268,0.0013342673204576536
NOTTINGHAM,2024,11,10.0,2,299790,299.79,0.006671336602288268,0.0006671336602288268
NOTTINGHAM,2025,3,8.0,1,299790,299.79,0.003335668301144134,0.00041695853764301674
NOTTINGHAM,2025,4,13.0,3,299790,299.79,0.010007004903432402,0.0007697696079563386
NOTTINGHAM,2025,5,7.0,1,299790,299.79,0.003335668301144134,0.00047652404302059054
OXFORD,2024,1,7.0,6,170805,170.805,0.03512777728989198,0.005018253898555996
OXFORD,2024,2,8.0,7,170805,170.805,0.04098240683820731,0.0051228008547759135
OXFORD,2024,3,9.0,8,170805,170.805,0.04683703638652264,0.005204115154058071
OXFORD,2024,4,8.0,8,170805,170.805,0.04683703638652264,0.00585462954831533
OXFORD,2024,5,10.0,6,170805,170.805,0.03512777728989198,0.003512777728989198
OXFORD,2024,6,6.0,5,170805,170.805,0.02927314774157665,0.004878857956929441
OXFORD,2024,7,7.0,4,170805,170.805,0.02341851819326132,0.0033455025990373312
OXFORD,2024,8,4.0,8,170805,170.805,0.04683703638652264,0.01170925909663066
OXFORD,2024,9,5.0,8,170805,170.805,0.04683703638652264,0.009367407277304528
OXFORD,2024,10,5.0,10,170805,170.805,0.0585462954831533,0.01170925909663066
OXFORD,2024,11,9.0,13,170805,170.805,0.07611018412809929,0.008456687125344366
OXFORD,2024,12,7.0,9,170805,170.805,0.05269166593483797,0.007527380847833996
OXFORD,2025,1,8.0,7,170805,170.805,0.04098240683820731,0.0051228008547759135
OXFORD,2025,2,12.0,7,170805,170.805,0.04098240683820731,0.003415200569850609
OXFORD,2025,3,6.0,5,170805,170.805,0.02927314774157665,0.004878857956929441
OXFORD,2025,4,13.0,10,170805,170.805,0.0585462954831533,0.004503561191011792
OXFORD,2025,5,6.0,3,170805,170.805,0.01756388864494599,0.002927314774157665
OXFORD,2025,6,5.0,6,170805,170.805,0.03512777728989198,0.007025555457978396
PLYMOUTH,2024,1,7.0,5,266955,266.955,0.01872974845947819,0.002675678351354027
PLYMOUTH,2024,2,8.0,5,266955,266.955,0.01872974845947819,0.0023412185574347736
PLYMOUTH,2024,3,7.0,8,266955,266.955,0.029967597535165105,0.004281085362166444
PLYMOUTH,2024,4,9.0,7,266955,266.955,0.026221647843269465,0.0029135164270299406
PLYMOUTH,2024,5,10.0,5,266955,266.955,0.01872974845947819,0.0018729748459478189
PLYMOUTH,2024,6,9.0,5,266955,266.955,0.01872974845947819,0.002081083162164243
PLYMOUTH,2024,7,7.0,3,266955,266.955,0.011237849075686914,0.0016054070108124164
PLYMOUTH,2024,8,5.0,1,266955,266.955,0.003745949691895638,0.0007491899383791276
PLYMOUTH,2024,9,6.0,7,266955,266.955,0.026221647843269465,0.004370274640544911
PLYMOUTH,2024,10,7.0,2,266955,266.955,0.007491899383791276,0.001070271340541611
PLYMOUTH,2024,11,9.0,5,266955,266.955,0.01872974845947819,0.002081083162164243
PLYMOUTH,2024,12,9.0,6,266955,266.955,0.02247569815137383,0.0024972997945970923
PLYMOUTH,2025,1,8.0,5,266955,266.955,0.01872974845947819,0.0023412185574347736
PLYMOUTH,2025,2,13.0,6,266955,266.955,0.02247569815137383,0.0017288998577979868
PLYMOUTH,2025,3,8.0,2,266955,266.955,0.007491899383791276,0.0009364874229739095
PLYMOUTH,2025,4,12.0,4,266955,266.955,0.014983798767582553,0.0012486498972985461
PLYMOUTH,2025,6,7.0,2,266955,266.955,0.007491899383791276,0.001070271340541611
PLYMOUTH,2025,9,6.0,1,266955,266.955,0.003745949691895638,0.0006243249486492731
PLYMOUTH,2025,11,8.0,2,266955,266.955,0.007491899383791276,0.0009364874229739095
PLYMOUTH,2025,12,9.0,2,266955,266.955,0.007491899383791276,0.0008324332648656973
PORTSMOUTH,2024,1,7.0,5,223305,223.305,0.022390900338102593,0.0031987000483003703
PORTSMOUTH,2024,2,10.0,9,223305,223.305,0.04030362060858467,0.004030362060858467
PORTSMOUTH,2024,3,10.0,9,223305,223.305,0.04030362060858467,0.004030362060858467
PORTSMOUTH,2024,4,10.0,8,223305,223.305,0.03582544054096415,0.003582544054096415
PORTSMOUTH,2024,5,11.0,7,223305,223.305,0.03134726047334363,0.0028497509521221483
PORTSMOUTH,2024,6,7.0,3,223305,223.305,0.013434540202861557,0.0019192200289802224
PORTSMOUTH,2024,10,8.0,11,223305,223.305,0.04925998074382571,0.006157497592978214
PORTSMOUTH,2024,11,12.0,20,223305,223.305,0.08956360135241037,0.007463633446034197
PORTSMOUTH,2024,12,9.0,14,223305,223.305,0.06269452094668726,0.006966057882965251
PORTSMOUTH,2025,1,11.0,9,223305,223.305,0.04030362060858467,0.0036639655098713335
PORTSMOUTH,2025,2,13.0,12,223305,223.305,0.05373816081144623,0.0041337046778035565
PORTSMOUTH,2025,3,12.0,8,223305,223.305,0.03582544054096415,0.002985453378413679
PORTSMOUTH,2025,4,16.0,6,223305,223.305,0.026869080405723115,0.0016793175253576947
PORTSMOUTH,2025,5,9.0,7,223305,223.305,0.03134726047334363,0.0034830289414826254
PORTSMOUTH,2025,6,7.0,3,223305,223.305,0.013434540202861557,0.0019192200289802224
PRESTON,2024,1,7.0,1,151582,151.582,0.006597089364172528,0.0009424413377389325
PRESTON,2024,6,6.0,1,151582,151.582,0.006597089364172528,0.0010995148940287547
PRESTON,2024,7,5.0,1,151582,151.582,0.006597089364172528,0.0013194178728345054
PRESTON,2024,8,4.0,2,151582,151.582,0.013194178728345055,0.003298544682086264
PRESTON,2024,10,5.0,2,151582,151.582,0.013194178728345055,0.002638835745669011
PRESTON,2024,12,7.0,2,151582,151.582,0.013194178728345055,0.001884882675477865
READING,2024,1,7.0,5,203795,203.795,0.02453445864716995,0.003504922663881422
READING,2024,2,7.0,7,203795,203.795,0.03434824210603793,0.00490689172943399
READING,2024,3,10.0,13,203795,203.795,0.06378959248264188,0.006378959248264188
READING,2024,4,8.0,5,203795,203.795,0.02453445864716995,0.003066807330896244
READING,2024,5,11.0,2,203795,203.795,0.009813783458867981,0.000892162132624362
READING,2024,6,6.0,7,203795,203.795,0.03434824210603793,0.005724707017672988
READING,2024,7,7.0,1,203795,203.795,0.004906891729433991,0.0007009845327762843
READING,2024,8,4.0,1,203795,203.795,0.004906891729433991,0.0012267229323584977
READING,2024,9,5.0,6,203795,203.795,0.02944135037660394,0.005888270075320788
READING,2024,10,5.0,3,203795,203.795,0.01472067518830197,0.002944135037660394
READING,2024,11,8.0,8,203795,203.795,0.039255133835471925,0.004906891729433991
READING,2024,12,7.0,2,203795,203.795,0.009813783458867981,0.0014019690655525687
READING,2025,1,8.0,7,203795,203.795,0.03434824210603793,0.004293530263254741
READING,2025,2,7.0,2,203795,203.795,0.009813783458867981,0.0014019690655525687
SALFORD,2024,1,7.0,2,108410,108.41,0.01844848261230514,0.002635497516043591
SALFORD,2024,2,8.0,2,108410,108.41,0.01844848261230514,0.0023060603265381424
SALFORD,2024,4,8.0,2,108410,108.41,0.01844848261230514,0.0023060603265381424
SHEFFIELD,2024,1,8.0,16,500535,500.535,0.031965796597640525,0.003995724574705066
SHEFFIELD,2024,2,8.0,21,500535,500.535,0.04195510803440319,0.005244388504300398
SHEFFIELD,2024,3,10.0,20,500535,500.535,0.03995724574705065,0.003995724574705066
SHEFFIELD,2024,4,9.0,18,500535,500.535,0.035961521172345585,0.003995724574705065
SHEFFIELD,2024,5,11.0,15,500535,500.535,0.02996793431028799,0.0027243576645716357
SHEFFIELD,2024,6,8.0,17,500535,500.535,0.03396365888499306,0.004245457360624132
SHEFFIELD,2024,7,7.0,24,500535,500.535,0.04794869489646079,0.006849813556637255
SHEFFIELD,2024,8,6.0,6,500535,500.535,0.011987173724115197,0.001997862287352533
SHEFFIELD,2024,9,5.0,25,500535,500.535,0.049946557183813314,0.009989311436762663
SHEFFIELD,2024,10,7.0,26,500535,500.535,0.05194441947116585,0.007420631353023692
SHEFFIELD,2024,11,15.0,22,500535,500.535,0.04395297032175572,0.002930198021450381
SHEFFIELD,2024,12,9.0,18,500535,500.535,0.035961521172345585,0.003995724574705065
SHEFFIELD,2025,1,8.0,13,500535,500.535,0.025972209735582924,0.0032465262169478655
SHEFFIELD,2025,2,15.0,18,500535,500.535,0.035961521172345585,0.002397434744823039
SHEFFIELD,2025,3,7.0,17,500535,500.535,0.03396365888499306,0.004851951269284722
SHEFFIELD,2025,4,16.0,6,500535,500.535,0.011987173724115197,0.0007491983577571998
SHEFFIELD,2025,5,9.0,11,500535,500.535,0.02197648516087786,0.0024418316845419845
SOUTHAMPTON,2024,1,8.0,28,249620,249.62,0.11217049915872125,0.014021312394840156
SOUTHAMPTON,2024,2,7.0,30,249620,249.62,0.12018267767005848,0.0171689539528655
SOUTHAMPTON,2024,3,9.0,31,249620,249.62,0.1241887669257271,0.013798751880636345
SOUTHAMPTON,2024,4,11.0,26,249620,249.62,0.10415832064738402,0.009468938240671274
SOUTHAMPTON,2024,5,14.0,12,249620,249.62,0.048073071068023394,0.0034337907905730995
SOUTHAMPTON,2024,6,10.0,24,249620,249.62,0.09614614213604679,0.00961461421360468
SOUTHAMPTON,2024,7,13.0,20,249620,249.62,0.08012178511337233,0.006163214239490179
SOUTHAMPTON,2024,8,8.0,15,249620,249.62,0.06009133883502924,0.007511417354378655
SOUTHAMPTON,2024,9,9.0,16,249620,249.62,0.06409742809069786,0.007121936454521985
SOUTHAMPTON,2024,10,9.0,40,249620,249.62,0.16024357022674465,0.017804841136304962
SOUTHAMPTON,2024,11,11.0,22,249620,249.62,0.08813396362470956,0.008012178511337233
SOUTHAMPTON,2024,12,8.0,14,249620,249.62,0.056085249579360626,0.007010656197420078
SOUTHAMPTON,2025,1,10.0,30,249620,249.62,0.12018267767005848,0.012018267767005849
SOUTHAMPTON,2025,2,13.0,15,249620,249.62,0.06009133883502924,0.004622410679617634
SOUTHAMPTON,2025,3,10.0,26,249620,249.62,0.10415832064738402,0.010415832064738402
SOUTHAMPTON,2025,4,16.0,26,249620,249.62,0.10415832064738402,0.006509895040461501
SOUTHAMPTON,2025,5,8.0,21,249620,249.62,0.08412787436904094,0.010515984296130118
SOUTHAMPTON,2025,6,7.0,14,249620,249.62,0.056085249579360626,0.008012178511337233
SOUTHAMPTON,2025,7,7.0,19,249620,249.62,0.07611569585770371,0.010873670836814816
SOUTHAMPTON,2025,8,9.0,18,249620,249.62,0.0721096066020351,0.008012178511337233
SOUTHAMPTON,2025,9,7.0,18,249620,249.62,0.0721096066020351,0.010301372371719299
SOUTHAMPTON,2025,10,9.0,17,249620,249.62,0.06810351734636648,0.007567057482929609
SOUTHAMPTON,2025,11,6.0,26,249620,249.62,0.10415832064738402,0.017359720107897336
STOKE-ON-TRENT,2024,1,6.0,47,260560,260.56,0.1803807184525637,0.030063453075427283
STOKE-ON-TRENT,2024,2,9.0,43,260560,260.56,0.16502916794596253,0.01833657421621806
STOKE-ON-TRENT,2024,3,8.0,49,260560,260.56,0.1880564937058643,0.023507061713233038
STOKE-ON-TRENT,2024,4,8.0,41,260560,260.56,0.15735339269266196,0.019669174086582746
STOKE-ON-TRENT,2024,5,10.0,31,260560,260.56,0.11897451642615904,0.011897451642615905
STOKE-ON-TRENT,2024,6,7.0,31,260560,260.56,0.11897451642615904,0.01699635948945129
STOKE-ON-TRENT,2024,7,6.0,22,260560,260.56,0.08443352778630642,0.01407225463105107
STOKE-ON-TRENT,2024,8,5.0,19,260560,260.56,0.07291986490635555,0.01458397298127111
STOKE-ON-TRENT,2024,9,5.0,26,260560,260.56,0.09978507829290759,0.019957015658581517
STOKE-ON-TRENT,2024,10,6.0,39,260560,260.56,0.14967761743936137,0.024946269573226893
STOKE-ON-TRENT,2024,11,9.0,32,260560,260.56,0.12281240405280933,0.01364582267253437
STOKE-ON-TRENT,2024,12,7.0,40,260560,260.56,0.15351550506601166,0.021930786438001667
STOKE-ON-TRENT,2025,1,10.0,39,260560,260.56,0.14967761743936137,0.014967761743936136
STOKE-ON-TRENT,2025,2,13.0,33,260560,260.56,0.12665029167945963,0.009742330129189201
STOKE-ON-TRENT,2025,3,7.0,27,260560,260.56,0.10362296591955787,0.014803280845651124
STOKE-ON-TRENT,2025,4,13.0,40,260560,260.56,0.15351550506601166,0.01180888500507782
STOKE-ON-TRENT,2025,5,14.0,23,260560,260.56,0.0882714154129567,0.0063051011009254785
SUNDERLAND,2024,1,5.0,8,168315,168.315,0.047529929002168556,0.00950598580043371
SUNDERLAND,2024,2,4.0,4,168315,168.315,0.023764964501084278,0.0059412411252710694
SUNDERLAND,2024,3,8.0,9,168315,168.315,0.05347117012743962,0.0066838962659299525
SUNDERLAND,2024,4,8.0,4,168315,168.315,0.023764964501084278,0.0029706205626355347
SUNDERLAND,2024,5,8.0,12,168315,168.315,0.07129489350325283,0.008911861687906603
SUNDERLAND,2024,6,5.0,8,168315,168.315,0.047529929002168556,0.00950598580043371
SUNDERLAND,2024,7,5.0,7,168315,168.315,0.041588687876897484,0.008317737575379496
SUNDERLAND,2024,8,4.0,5,168315,168.315,0.029706205626355345,0.007426551406588836
SUNDERLAND,2024,9,4.0,5,168315,168.315,0.029706205626355345,0.007426551406588836
SUNDERLAND,2024,10,5.0,9,168315,168.315,0.05347117012743962,0.010694234025487925
SUNDERLAND,2024,11,10.0,4,168315,168.315,0.023764964501084278,0.0023764964501084276
SUNDERLAND,2024,12,6.0,10,168315,168.315,0.05941241125271069,0.009902068542118449
SUNDERLAND,2025,1,6.0,2,168315,168.315,0.011882482250542139,0.00198041370842369
SUNDERLAND,2025,2,12.0,9,168315,168.315,0.05347117012743962,0.004455930843953302
SUNDERLAND,2025,3,5.0,5,168315,168.315,0.029706205626355345,0.0059412411252710694
SUNDERLAND,2025,4,12.0,2,168315,168.315,0.011882482250542139,0.000990206854211845
SUNDERLAND,2025,5,6.0,10,168315,168.315,0.05941241125271069,0.009902068542118449
SUNDERLAND,2025,6,5.0,10,168315,168.315,0.05941241125271069,0.011882482250542139
SUNDERLAND,2025,7,6.0,7,168315,168.315,0.041588687876897484,0.006931447979482914
SUNDERLAND,2025,8,5.0,6,168315,168.315,0.03564744675162641,0.007129489350325283
SUNDERLAND,2025,9,7.0,6,168315,168.315,0.03564744675162641,0.005092492393089488
WARRINGTON,2024,6,7.0,1,174970,174.97,0.005715265474081271,0.0008164664962973245
WIGAN,2024,1,10.0,34,81580,81.58,0.41676881588624665,0.04167688158862466
WIGAN,2024,2,9.0,34,81580,81.58,0.41676881588624665,0.04630764620958296
WIGAN,2024,3,9.0,37,81580,81.58,0.4535425349350331,0.05039361499278146
WIGAN,2024,4,8.0,15,81580,81.58,0.18386859524393234,0.022983574405491543
WIGAN,2024,5,11.0,20,81580,81.58,0.24515812699190978,0.02228710245380998
WIGAN,2024,6,10.0,19,81580,81.58,0.2329002206423143,0.02329002206423143
WIGAN,2024,7,9.0,25,81580,81.58,0.3064476587398872,0.034049739859987466
WIGAN,2024,8,5.0,14,81580,81.58,0.17161068889433684,0.03432213777886737
WIGAN,2024,9,6.0,29,81580,81.58,0.3554792841382692,0.059246547356378194
WIGAN,2024,10,7.0,24,81580,81.58,0.29418975239029177,0.0420271074843274
WIGAN,2024,11,9.0,32,81580,81.58,0.39225300318705564,0.04358366702078396
WIGAN,2024,12,8.0,37,81580,81.58,0.4535425349350331,0.05669281686687914
WIGAN,2025,1,10.0,16,81580,81.58,0.19612650159352782,0.019612650159352783
WIGAN,2025,2,14.0,14,81580,81.58,0.17161068889433684,0.012257906349595489
WIGAN,2025,3,6.0,18,81580,81.58,0.2206423142927188,0.036773719048786464
WIGAN,2025,4,13.0,12,81580,81.58,0.14709487619514588,0.011314990476549684
WIGAN,2025,5,5.0,17,81580,81.58,0.20838440794312332,0.04167688158862466
WIGAN,2025,6,3.0,11,81580,81.58,0.13483696984555038,0.04494565661518346
WIRRAL,2024,1,7.0,4,322453,322.453,0.012404908622341861,0.0017721298031916945
WIRRAL,2024,2,6.0,4,322453,322.453,0.012404908622341861,0.00206748477039031
WIRRAL,2024,3,7.0,2,322453,322.453,0.006202454311170931,0.0008860649015958472
WIRRAL,2024,5,8.0,3,322453,322.453,0.009303681466756397,0.0011629601833445496
WIRRAL,2024,7,6.0,2,322453,322.453,0.006202454311170931,0.001033742385195155
WIRRAL,2024,8,3.0,3,322453,322.453,0.009303681466756397,0.0031012271555854658
WIRRAL,2024,9,3.0,1,322453,322.453,0.0031012271555854653,0.001033742385195155
WIRRAL,2024,10,4.0,3,322453,322.453,0.009303681466756397,0.002325920366689099
WIRRAL,2024,11,8.0,11,322453,322.453,0.03411349871144012,0.004264187338930015
WIRRAL,2024,12,6.0,4,322453,322.453,0.012404908622341861,0.00206748477039031
WIRRAL,2025,1,6.0,5,322453,322.453,0.015506135777927327,0.0025843559629878878
WIRRAL,2025,2,11.0,3,322453,322.453,0.009303681466756397,0.0008457892242505815
WIRRAL,2025,3,5.0,6,322453,322.453,0.018607362933512794,0.003721472586702559
WIRRAL,2025,4,13.0,9,322453,322.453,0.02791104440026919,0.0021470034154053223
WIRRAL,2025,5,4.0,7,322453,322.453,0.021708590089098256,0.005427147522274564
WIRRAL,2025,6,3.0,9,322453,322.453,0.02791104440026919,0.009303681466756397
WIRRAL,2025,7,3.0,7,322453,322.453,0.021708590089098256,0.007236196696366086
WIRRAL,2025,8,4.0,6,322453,322.453,0.018607362933512794,0.004651840733378198
YORK,2024,1,8.0,20,141685,141.685,0.1411582030560751,0.017644775382009387
YORK,2024,2,8.0,20,141685,141.685,0.1411582030560751,0.017644775382009387
YORK,2024,3,10.5,22,141685,141.685,0.1552740233616826,0.014788002224922154
YORK,2024,4,8.5,16,141685,141.685,0.11292656244486007,0.01328547793468942
YORK,2024,5,9.0,22,141685,141.685,0.1552740233616826,0.01725266926240918
YORK,2024,6,6.0,27,141685,141.685,0.19056357412570138,0.0317605956876169
YORK,2024,7,5.0,13,141685,141.685,0.0917528319864488,0.018350566397289762
YORK,2024,8,5.0,17,141685,141.685,0.11998447259766383,0.023996894519532765
YORK,2024,9,5.0,19,141685,141.685,0.13410029290327133,0.026820058580654265
YORK,2024,10,5.5,18,141685,141.685,0.1270423827504676,0.02309861504553956
YORK,2024,11,12.0,18,141685,141.685,0.1270423827504676,0.010586865229205633
YORK,2024,12,8.0,24,141685,141.685,0.16938984366729012,0.021173730458411266
YORK,2025,1,8.0,17,141685,141.685,0.11998447259766383,0.014998059074707979
YORK,2025,2,13.0,10,141685,141.685,0.07057910152803755,0.005429161656002888
YORK,2025,3,6.0,15,141685,141.685,0.10586865229205632,0.017644775382009387
YORK,2025,4,13.0,7,141685,141.685,0.04940537106962628,0.0038004131592020217
YORK,2025,5,6.0,14,141685,141.685,0.09881074213925256,0.01646845702320876
YORK,2025,6,6.0,9,141685,141.685,0.0635211913752338,0.010586865229205633
YORK,2025,7,6.0,20,141685,141.685,0.1411582030560751,0.023526367176012516
YORK,2025,8,8.0,8,141685,141.685,0.05646328122243004,0.007057910152803755
YORK,2025,9,5.0,18,141685,141.685,0.1270423827504676,0.02540847655009352
YORK,2025,10,6.0,25,141685,141.685,0.17644775382009387,0.029407958970015646
YORK,2025,11,9.0,20,141685,141.685,0.1411582030560751,0.015684244784008344
YORK,2025,12,8.0,11,141685,141.685,0.0776370116808413,0.009704626460105163
